<?xml version="1.0" encoding="UTF-8"?>
<project-private xmlns="http://www.netbeans.org/ns/project-private/1">
    <editor-bookmarks xmlns="http://www.netbeans.org/ns/editor-bookmarks/2" lastBookmarkId="0"/>
    <open-files xmlns="http://www.netbeans.org/ns/projectui-open-files/2">
        <group>
            <file>file:/C:/Users/Aluno.saolucas.ENSINO/Documents/NetBeansProjects/CrudModulo4/src/br/ulbra/controller/ClienteController.java</file>
            <file>file:/C:/Users/Aluno.saolucas.ENSINO/Documents/NetBeansProjects/CrudModulo4/src/br/ulbra/view/ClienteView.java</file>
            <file>file:/C:/Users/Aluno.saolucas.ENSINO/Documents/NetBeansProjects/CrudModulo4/src/br/ulbra/view/UsuarioView.java</file>
            <file>file:/C:/Users/Aluno.saolucas.ENSINO/Documents/NetBeansProjects/CrudModulo4/src/br/ulbra/view/MenuPrincipalView.java</file>
            <file>file:/C:/Users/Aluno.saolucas.ENSINO/Documents/NetBeansProjects/CrudModulo4/src/br/ulbra/dao/UsuarioDAO.java</file>
            <file>file:/C:/Users/Aluno.saolucas.ENSINO/Documents/NetBeansProjects/CrudModulo4/src/br/ulbra/model/Cliente.java</file>
            <file>file:/C:/Users/Aluno.saolucas.ENSINO/Documents/NetBeansProjects/CrudModulo4/src/crudmodulo4/CrudModulo4.java</file>
            <file>file:/C:/Users/Aluno.saolucas.ENSINO/Documents/NetBeansProjects/CrudModulo4/src/br/ulbra/dao/AbstractDAO.java</file>
            <file>file:/C:/Users/Aluno.saolucas.ENSINO/Documents/NetBeansProjects/CrudModulo4/src/br/ulbra/model/Usuario.java</file>
            <file>file:/C:/Users/Aluno.saolucas.ENSINO/Documents/NetBeansProjects/CrudModulo4/src/br/ulbra/dao/ClienteDAO.java</file>
            <file>file:/C:/Users/Aluno.saolucas.ENSINO/Documents/NetBeansProjects/CrudModulo4/src/br/ulbra/dao/CrudRepository.java</file>
            <file>file:/C:/Users/Aluno.saolucas.ENSINO/Documents/NetBeansProjects/CrudModulo4/src/br/ulbra/view/LoginView.java</file>
        </group>
    </open-files>
</project-private>
